track_id,app_name,seller_name,bundle_id,app_store_url,release_date,current_version_release_date,app_version,months_since_update,launched_last_12_months,stale_6mo,user_rating_count,user_rating_count_current_version,average_user_rating,primary_genre,genres,app_store_category,content_advisory_rating,minimum_ios_version,gambling_specific,matched_search_terms
6478956067,Quit Gambling: Bet Breaker,Moxyz Studio,com.moxyzstudio.betbreaker,https://apps.apple.com/us/app/quit-gambling-bet-breaker/id6478956067?uo=4,2024-04-04,2026-09-02,2.5.0,0.6,N,N,397,397,4.85139,Utilities,Utilities; Lifestyle,harm-reduction,17+,16.0,Y,quit gambling; gambling blocker; gambling addiction recovery
1112385176,Gambling Addiction Calendar,"App Diggity, LLC",com.GamblingAddiction.Calendar,https://apps.apple.com/us/app/gambling-addiction-calendar/id1112385176?uo=4,2016-05-18,2023-03-09,5.2,42.4,N,Y,130,130,4.83846,Health & Fitness,Health & Fitness; Lifestyle,harm-reduction,12+,11.0,Y,quit gambling; gambling blocker; gambling addiction recovery
1445348921,Days Since: Quit Habit Tracker,A Couple of Friends OOD,npetrova.DaysSince,https://apps.apple.com/us/app/days-since-quit-habit-tracker/id1445348921?uo=4,2019-08-17,2026-09-14,4.1.1,0.2,N,N,19180,19180,4.8207,Health & Fitness,Health & Fitness; Productivity,not-gambling,12+,15.0,N,quit gambling; gambling addiction recovery
6759234389,Quit Gambling: by Cashed Out,"Koby Empire, Inc",com.kobyconradsunflower.cashedout,https://apps.apple.com/us/app/quit-gambling-by-cashed-out/id6759234389?uo=4,2026-02-18,2026-09-08,1.2.15,0.4,Y,N,77,77,4.74026,Health & Fitness,Health & Fitness; Lifestyle,harm-reduction,17+,16.0,Y,quit gambling; gambling addiction recovery
672904239,I Am Sober,I Am Sober LLC,com.thehungrywasp.iamsober,https://apps.apple.com/us/app/i-am-sober/id672904239?uo=4,2013-07-19,2026-09-14,8.7.9,0.2,N,N,187177,187177,4.88034,Lifestyle,Lifestyle; Health & Fitness,not-gambling,17+,15.1,N,quit gambling; gambling blocker; gambling addiction recovery
6745189995,QuitBet - Quit Gambling,Boulevard Legacy LLC,com.boulevardlegacy.quitbet,https://apps.apple.com/us/app/quitbet-quit-gambling/id6745189995?uo=4,2025-05-04,2025-07-18,1.1.30,14.1,N,Y,61,61,4.63934,Productivity,Productivity,harm-reduction,17+,15.1,Y,quit gambling; gambling addiction recovery
6670754333,AI Chat 4.6 - Assistant Bot,Mariya Vonchak,ai.max.assistant.AIMaxAssistant,https://apps.apple.com/us/app/ai-chat-4-6-assistant-bot/id6670754333?uo=4,2024-09-25,2026-08-12,4.5,1.3,N,N,254,254,4.66141,Productivity,Productivity; Reference,not-gambling,4+,15.0,N,quit gambling
6752539103,BRAKKE: Quit Gambling,Dainius Masevicius,app.brakke,https://apps.apple.com/us/app/brakke-quit-gambling/id6752539103?uo=4,2025-09-23,2025-11-23,1.4.0,9.9,Y,Y,3,3,5,Health & Fitness,Health & Fitness; Medical,harm-reduction,12+,13.0,Y,quit gambling
6740839224,Gamble Quit,Gavin Richards,com.mycompany.gamblequit,https://apps.apple.com/us/app/gamble-quit/id6740839224?uo=4,2025-02-06,2025-02-20,1.01,19.0,N,Y,2,2,5,Health & Fitness,Health & Fitness,harm-reduction,4+,14.0.0,Y,quit gambling
6757939751,QuitBet - Quit Gambling Now,Matvei Arefev,Inkly.QuitGambling,https://apps.apple.com/us/app/quitbet-quit-gambling-now/id6757939751?uo=4,2026-01-27,2026-03-25,1.5,5.9,Y,N,17,17,4.35294,Lifestyle,Lifestyle; Health & Fitness,harm-reduction,17+,18.0,Y,quit gambling
1611983085,Grey: Inclusive Global Banking,Grey Incorporated,co.grey.mobile.ios,https://apps.apple.com/us/app/grey-inclusive-global-banking/id1611983085?uo=4,2022-07-12,2026-09-19,4.0.0,0.0,N,N,5767,5767,4.5906,Finance,Finance,not-gambling,17+,17.6,N,quit gambling
6476784774,Gambling Block Quit Bet Casino,Moxyz Studio,com.moxyzstudio.gamblingblock,https://apps.apple.com/us/app/gambling-block-quit-bet-casino/id6476784774?uo=4,2024-02-21,2026-09-14,2.6.1,0.2,N,N,501,501,4.84631,Utilities,Utilities,harm-reduction,17+,16.0,Y,quit gambling; gambling blocker
6751584830,Quit Gambling: Stop addiction,Vukasin Zurzevic,com.anonymous.no-gambling-app,https://apps.apple.com/us/app/quit-gambling-stop-addiction/id6751584830?uo=4,2025-10-04,2026-08-28,1.2.8,0.8,Y,N,27,27,4.88889,Health & Fitness,Health & Fitness; Medical,harm-reduction,17+,15.1,Y,quit gambling; gambling addiction recovery
1547099435,Sunflower - Quit Any Addiction,"Koby Empire, Inc",com.kobyconrad.stop-craving-production,https://apps.apple.com/us/app/sunflower-quit-any-addiction/id1547099435?uo=4,2021-01-06,2026-09-17,1.5.145,0.1,N,N,5971,5971,4.84492,Health & Fitness,Health & Fitness; Productivity,not-gambling,17+,15.1,N,quit gambling; gambling addiction recovery
6742050059,QUITBET: Quit Gambling・Casino,Mone Apps LLC,ai.hazret.quitbet,https://apps.apple.com/us/app/quitbet-quit-gambling-casino/id6742050059?uo=4,2025-03-02,2026-06-26,1.0.7,2.8,N,N,16,16,3,Health & Fitness,Health & Fitness; Lifestyle,harm-reduction,4+,15.6,Y,quit gambling
6767299379,Fromzero: Quit gambling,ROBERT ALEXANDRU,app.fromzero.ios,https://apps.apple.com/us/app/fromzero-quit-gambling/id6767299379?uo=4,2026-05-07,2026-05-13,1.1.0,4.3,Y,N,0,0,0,Lifestyle,Lifestyle; Utilities,harm-reduction,4+,15.1,Y,quit gambling
6761732396,BETR OFF - Quit Gambling Now,Davone Barrett,com.byebet.app,https://apps.apple.com/us/app/betr-off-quit-gambling-now/id6761732396?uo=4,2026-07-01,2026-07-30,1.2,1.7,Y,N,3,3,5,Health & Fitness,Health & Fitness; Productivity,harm-reduction,12+,26.0,Y,quit gambling; gambling addiction recovery
6780315777,NOMOR - Quit Gambling,SACHA MATHIEU,com.nomor.sacha,https://apps.apple.com/us/app/nomor-quit-gambling/id6780315777?uo=4,2026-07-24,2026-08-04,1.0.1,1.5,Y,N,0,0,0,Health & Fitness,Health & Fitness,harm-reduction,4+,17.0,Y,quit gambling
6760953577,Quit Gambling: Guardrail,Glen Bentley,com.Nigelware.Guardrail,https://apps.apple.com/us/app/quit-gambling-guardrail/id6760953577?uo=4,2026-04-10,2026-04-10,1.0,5.4,Y,N,2,2,5,Health & Fitness,Health & Fitness; Productivity,harm-reduction,4+,26.1,Y,quit gambling
6476049610,Bye Bet: Quit Gambling Tracker,Micom Tech SRL,com.quitaddictionforever.stopgambling,https://apps.apple.com/us/app/bye-bet-quit-gambling-tracker/id6476049610?uo=4,2024-06-27,2026-04-06,5.1,5.5,N,N,3,3,5,Health & Fitness,Health & Fitness; Sports,harm-reduction,17+,13.0,Y,quit gambling; gambling addiction recovery
6747463148,iFold - Quit Gambling,Ayman Hangalay,ifoldapp.com,https://apps.apple.com/us/app/ifold-quit-gambling/id6747463148?uo=4,2025-07-30,2026-01-28,1.0.3,7.7,N,Y,5,5,4.8,Lifestyle,Lifestyle; Utilities,harm-reduction,17+,14.0.0,Y,quit gambling
6756128282,Betttr: Quit Gambling Recovery,Bettr Bet LLC,com.anonymous.Bettr,https://apps.apple.com/us/app/betttr-quit-gambling-recovery/id6756128282?uo=4,2026-05-08,2026-09-07,2.2.2,0.4,Y,N,15,15,5,Health & Fitness,Health & Fitness; Medical,harm-reduction,9+,18.5,Y,quit gambling; gambling addiction recovery
6742162665,Betless: Quit Gambling,Jeremy Lee,com.mycompany.quitbetting,https://apps.apple.com/us/app/betless-quit-gambling/id6742162665?uo=4,2025-03-15,2025-11-25,3.0.3,9.8,N,Y,2,2,5,Health & Fitness,Health & Fitness; Utilities,harm-reduction,17+,15.1,Y,quit gambling; gambling blocker
1640175423,Quit Gambling - No Bet Samurai,"NAKASHIN, K.K.",com.nakashin.KakeTachinuApp,https://apps.apple.com/us/app/quit-gambling-no-bet-samurai/id1640175423?uo=4,2022-08-18,2025-09-17,1.17,12.1,N,Y,1,1,5,Health & Fitness,Health & Fitness; Lifestyle,harm-reduction,12+,13.0,Y,quit gambling
6760858493,Fold Up: Quit Gambling App,Gokturk Ulker,com.mavkaistudio.foldupquitgambling,https://apps.apple.com/us/app/fold-up-quit-gambling-app/id6760858493?uo=4,2026-03-29,2026-04-21,1.0.2,5.0,Y,N,0,0,0,Productivity,Productivity; Finance,harm-reduction,17+,15.1,Y,quit gambling
6785360487,Quit it: Gambling Blocker,Two Palms Software LLC,com.twopalms.quitit,https://apps.apple.com/us/app/quit-it-gambling-blocker/id6785360487?uo=4,2026-07-15,2026-08-18,1.3.0,1.1,Y,N,4,4,5,Health & Fitness,Health & Fitness; Lifestyle,harm-reduction,17+,16.4,Y,quit gambling; gambling blocker; gambling addiction recovery
6763489680,ShiftPath: Quit Gambling,Asgar Amrahov,com.shiftpath.app,https://apps.apple.com/us/app/shiftpath-quit-gambling/id6763489680?uo=4,2026-05-07,2026-05-20,1.1.0,4.0,Y,N,0,0,0,Health & Fitness,Health & Fitness; Lifestyle,harm-reduction,4+,17.0,Y,quit gambling
6739467914,BetBreak: Quit Gambling,ROBIN FRANKE,com.betbreak.app,https://apps.apple.com/us/app/betbreak-quit-gambling/id6739467914?uo=4,2025-01-09,2026-09-18,1.1.1,0.1,N,N,1,1,5,Lifestyle,Lifestyle,harm-reduction,4+,15.0,Y,quit gambling
6775044786,NEVRR - Quit Gambling,Christopher Lo Verde,app.CashOut,https://apps.apple.com/us/app/nevrr-quit-gambling/id6775044786?uo=4,2026-06-06,2026-09-17,1.4.0,0.1,Y,N,31,31,4.54839,Health & Fitness,Health & Fitness; Education,harm-reduction,12+,18.0,Y,quit gambling; gambling blocker; gambling addiction recovery
6511245184,Casino Block - Quit Gambling,Moxyz Studio,com.moxyzstudio.casinoblock,https://apps.apple.com/us/app/casino-block-quit-gambling/id6511245184?uo=4,2024-07-24,2026-09-17,2.7.0,0.1,N,N,80,80,4.8125,Lifestyle,Lifestyle; Utilities,harm-reduction,17+,17.0,Y,quit gambling; gambling blocker
6743485417,QuitGambl: Quit Gambling Now,Timofei Dadeev,com.quitgambl.quitgambl,https://apps.apple.com/us/app/quitgambl-quit-gambling-now/id6743485417?uo=4,2025-06-26,2025-12-27,2.0.2,8.8,N,Y,6,6,4.33333,Health & Fitness,Health & Fitness,harm-reduction,12+,15.1,Y,quit gambling; gambling addiction recovery
6792540403,Quit Gambling: Meridian,EVERETT CHAD WATTS,com.meridianreco.app,https://apps.apple.com/us/app/quit-gambling-meridian/id6792540403?uo=4,2026-08-02,2026-09-09,1.3.2,0.4,Y,N,2,2,5,Health & Fitness,Health & Fitness; Medical,harm-reduction,12+,16.4,Y,quit gambling
6450926060,Evive: Gambling Support,"Evive, Inc.",app.getevive.production.evive,https://apps.apple.com/us/app/evive-gambling-support/id6450926060?uo=4,2023-12-17,2026-09-14,3.3.4,0.2,N,N,240,240,4.825,Health & Fitness,Health & Fitness; Lifestyle,harm-reduction,17+,15.0,Y,quit gambling; gambling addiction recovery
6760682057,Recovo: Quit Gambling,AUSTIN SLOAN BOTH,com.austinboth.recovo,https://apps.apple.com/us/app/recovo-quit-gambling/id6760682057?uo=4,2026-04-08,2026-09-02,1.3.1,0.6,Y,N,7,7,5,Health & Fitness,Health & Fitness; Productivity,harm-reduction,12+,15.1,Y,quit gambling
6758021970,NoBets – Quit Gambling Now,Harold Charles Bracy Jr,com.haroldbracy.quitgambling,https://apps.apple.com/us/app/nobets-quit-gambling-now/id6758021970?uo=4,2026-02-19,2026-06-23,1.14,2.9,Y,N,13,13,4.61538,Health & Fitness,Health & Fitness; Lifestyle,harm-reduction,17+,16.0,Y,quit gambling; gambling addiction recovery
6746962708,Quit Gambling: Stop Betting,Berk Demir,com.trquitgamble.app,https://apps.apple.com/us/app/quit-gambling-stop-betting/id6746962708?uo=4,2026-07-20,2026-08-18,1.0.1,1.1,Y,N,0,0,0,Health & Fitness,Health & Fitness; Lifestyle,harm-reduction,17+,18.2,Y,quit gambling; gambling addiction recovery
1530165509,RecoverMe,BET ON ME LTD,com.betonme.recoverme,https://apps.apple.com/us/app/recoverme/id1530165509?uo=4,2020-09-10,2026-07-27,2.2.0,1.8,N,N,23,23,4.56522,Health & Fitness,Health & Fitness,harm-reduction,17+,15.0,Y,quit gambling; gambling blocker; gambling addiction recovery
6738114176,Stake US - Casino & Slots,Sweepsteaks Limited,com.stake.us,https://apps.apple.com/us/app/stake-us-casino-slots/id6738114176?uo=4,2025-02-13,2026-09-12,5.1.3,0.3,N,N,22416,22416,4.69245,Games,Games; Card; Casino; Entertainment,gambling-product,17+,16.0,N,quit gambling; gambling blocker
6761430103,Walkaway: Quit Gambling,Tuulis Labs LLC,com.walkaway.app,https://apps.apple.com/us/app/walkaway-quit-gambling/id6761430103?uo=4,2026-04-16,2026-04-24,1.2.0,4.9,Y,N,2,2,5,Lifestyle,Lifestyle; Health & Fitness,harm-reduction,17+,15.1,Y,quit gambling; gambling addiction recovery
6754933242,Safebet - Quit Gambling Block,Joao Pedro Ferreira Terrantez,com.joaoterrantez.safebet,https://apps.apple.com/us/app/safebet-quit-gambling-block/id6754933242?uo=4,2025-12-12,2026-08-23,3.1,0.9,Y,N,11,11,3.90909,Health & Fitness,Health & Fitness,harm-reduction,17+,17.6,Y,quit gambling
6759761295,Cashburned: Quit Gambling,Ghada Mostafa,com.cashburned.app,https://apps.apple.com/us/app/cashburned-quit-gambling/id6759761295?uo=4,2026-03-09,2026-03-19,2.0.0,6.1,Y,Y,1,1,5,Lifestyle,Lifestyle; Health & Fitness,harm-reduction,17+,13.0,Y,quit gambling
6749812367,ByeBet – Quit Gambling Tracker,Elfa Labs LLC,com.elfalabs.byebet,https://apps.apple.com/us/app/byebet-quit-gambling-tracker/id6749812367?uo=4,2025-09-18,2025-10-01,1.1.0,11.6,N,Y,5,5,5,Health & Fitness,Health & Fitness; Lifestyle,harm-reduction,17+,12.0,Y,quit gambling
6763335635,ParlayFree: Quit Gambling,Corey Wessel,com.parlayfree.app,https://apps.apple.com/us/app/parlayfree-quit-gambling/id6763335635?uo=4,2026-04-24,2026-05-15,1.0.13,4.2,Y,N,3,3,5,Health & Fitness,Health & Fitness; Lifestyle,harm-reduction,17+,15.0,Y,quit gambling
1635357259,BetRivers: Casino & Sportsbook,Rush Street Interactive LLC,com.rushstreetinteractive.ri,https://apps.apple.com/us/app/betrivers-casino-sportsbook/id1635357259?uo=4,2022-11-21,2026-09-07,2026.17.1,0.4,N,N,49307,49307,4.85266,Games,Games; Entertainment; Casino; Sports,gambling-product,17+,16.4,N,quit gambling; gambling addiction recovery
6772221346,BetReset: Quit Gambling,SCOTT ENTERPRISES LTD,HAZCOTTLIMITED.BetReset,https://apps.apple.com/us/app/betreset-quit-gambling/id6772221346?uo=4,2026-06-06,2026-06-29,1.0.2,2.7,Y,N,0,0,0,Health & Fitness,Health & Fitness; Lifestyle,harm-reduction,17+,26.2,Y,quit gambling
6777281276,NoBettr - Quit Gambling Now,Herrs J Holdens LLC,com.nobettr.app,https://apps.apple.com/us/app/nobettr-quit-gambling-now/id6777281276?uo=4,2026-06-23,2026-08-04,1.6,1.5,Y,N,1,1,5,Health & Fitness,Health & Fitness; Lifestyle,harm-reduction,12+,15.1,Y,quit gambling
1529572983,Jackpot Crush - Casino Slots,SpinX Games Limited,slots.dcg.casino.games.free.ios,https://apps.apple.com/us/app/jackpot-crush-casino-slots/id1529572983?uo=4,2020-09-19,2026-08-11,6.1.246,1.3,N,N,20458,20458,4.59131,Games,Games; Card; Casino,gambling-product,17+,15.0,N,quit gambling; gambling blocker
6757314601,CUTOFF: Quit Gambling Now,GREENWAVE ADVISORS LLC,com.vibecode.betbreak.cvm3fb,https://apps.apple.com/us/app/cutoff-quit-gambling-now/id6757314601?uo=4,2026-02-15,2026-04-04,1.0.6,5.6,Y,N,8,8,4.5,Health & Fitness,Health & Fitness; Lifestyle,harm-reduction,17+,15.1,Y,quit gambling; gambling addiction recovery
6741860812,Cash Legends™: Win Real Money,Bring It On Games Ltd.,com.bringiton.big.cash.legends,https://apps.apple.com/us/app/cash-legends-win-real-money/id6741860812?uo=4,2025-05-19,2026-09-02,2.0.7,0.6,N,N,39225,39225,4.92984,Games,Games; Entertainment; Card; Puzzle,gambling-product,17+,15.0,N,quit gambling; gambling blocker; gambling addiction recovery
6737852275,Fanatics Casino - Real Money,"FBG ENTERPRISES OPCO, LLC",com.fbg.casino,https://apps.apple.com/us/app/fanatics-casino-real-money/id6737852275?uo=4,2025-03-17,2026-09-04,9.9.5,0.5,N,N,33455,33455,4.78284,Games,Games; Casino,gambling-product,17+,17.0,N,quit gambling; gambling addiction recovery
6744109036,Bet Block - Stop Gambling Now,Lucas Yamashita,YSOFTWARE.BetBlock,https://apps.apple.com/us/app/bet-block-stop-gambling-now/id6744109036?uo=4,2025-04-08,2026-07-30,2.1.2,1.7,N,N,372,372,4.76344,Utilities,Utilities; Lifestyle,harm-reduction,4+,16.6,Y,gambling blocker; gambling addiction recovery
1515753232,AppBlock: Block Apps & Website,MobileSoft s.r.o.,eu.mobilesoft.appblock,https://apps.apple.com/us/app/appblock-block-apps-website/id1515753232?uo=4,2021-08-17,2026-09-16,4.12.3,0.1,N,N,6673,6673,4.59269,Productivity,Productivity; Health & Fitness,not-gambling,4+,17.0,N,gambling blocker
1437450983,BetBlocker: Gambling Exclusion,BETBLOCKER,org.betblocker.mobile,https://apps.apple.com/us/app/betblocker-gambling-exclusion/id1437450983?uo=4,2019-04-20,2026-08-27,1.44,0.8,N,N,81,81,2.81481,Productivity,Productivity; Utilities,harm-reduction,4+,16.4,Y,gambling blocker; gambling addiction recovery
1459803064,Block Online Gambling - Gamban,Gamban LTD,com.gamban.Gamban,https://apps.apple.com/us/app/block-online-gambling-gamban/id1459803064?uo=4,2020-04-14,2026-08-10,4.5.5,1.3,N,N,80,80,3.7125,Utilities,Utilities; Productivity,harm-reduction,17+,15.6,Y,gambling blocker; gambling addiction recovery
6786815134,Exclusio - Gambling Blocker,Voresfilm Aps,dk.gamblock.gambleguard,https://apps.apple.com/us/app/exclusio-gambling-blocker/id6786815134?uo=4,2026-07-14,2026-08-20,1.2,1.0,Y,N,0,0,0,Health & Fitness,Health & Fitness; Utilities,harm-reduction,4+,17.6,Y,gambling blocker
6761630487,BettorOff: Gambling Blocker,Haas Clark Holdings LLC,com.sphaas.betteroff,https://apps.apple.com/us/app/bettoroff-gambling-blocker/id6761630487?uo=4,2026-07-28,2026-08-11,1.1,1.3,Y,N,1,1,5,Utilities,Utilities; Health & Fitness,harm-reduction,17+,15.1,Y,gambling blocker
6754121521,Padlock - Quit Gambling Now,Dial Labs LLC,com.checkpointapp.ios.Checkpoint,https://apps.apple.com/us/app/padlock-quit-gambling-now/id6754121521?uo=4,2025-11-18,2026-08-30,2.1.5,0.7,Y,N,27,27,4.22222,Health & Fitness,Health & Fitness; Lifestyle,harm-reduction,17+,17.0,Y,gambling blocker
6745836103,AntiBet: Gambling Casino Block,Lucas Yamashita,YSOFTWARE.NoBet,https://apps.apple.com/us/app/antibet-gambling-casino-block/id6745836103?uo=4,2025-08-28,2025-11-17,1.2,10.1,N,Y,1,1,5,Health & Fitness,Health & Fitness; Utilities,harm-reduction,4+,16.6,Y,gambling blocker
6760438787,Gamblocker – Gambling Blocker,hideaki suzuki,jp.exystar.gamblock,https://apps.apple.com/us/app/gamblocker-gambling-blocker/id6760438787?uo=4,2026-03-28,2026-09-11,1.3,0.3,Y,N,1,1,1,Health & Fitness,Health & Fitness; Lifestyle,harm-reduction,17+,17.6,Y,gambling blocker
6768125792,Pact: Gambling App Blocker,Ben RuoHeng Fu,com.benf.Pact,https://apps.apple.com/us/app/pact-gambling-app-blocker/id6768125792?uo=4,2026-06-14,2026-07-25,1.6,1.9,Y,N,0,0,0,Health & Fitness,Health & Fitness,harm-reduction,4+,26.4,Y,gambling blocker
6760262304,Anchor - Bet Blocker,Branko Popovic,com.branko.AnchorBetBlocker,https://apps.apple.com/us/app/anchor-bet-blocker/id6760262304?uo=4,2026-03-23,2026-05-11,1.1.0,4.3,Y,N,0,0,0,Utilities,Utilities,harm-reduction,17+,18.0,Y,gambling blocker
1474967653,BlockSite: Block Apps & Focus,BlockSite LP,co.ios.BlockSite,https://apps.apple.com/us/app/blocksite-block-apps-focus/id1474967653?uo=4,2019-09-01,2026-09-06,4.4.4,0.5,N,N,6186,6186,4.24475,Productivity,Productivity; Health & Fitness,not-gambling,4+,17.6,N,gambling blocker
6779285702,Foldem - Gambling Blocker,Boelstad Digital,app.foldem.ios,https://apps.apple.com/us/app/foldem-gambling-blocker/id6779285702?uo=4,2026-06-17,2026-09-04,2.1,0.5,Y,N,0,0,0,Health & Fitness,Health & Fitness; Utilities,harm-reduction,4+,26.5,Y,gambling blocker
6757510666,Stop Gambling: Bet Free,Lucas Yamashita,YSOFTWARE.BetFree,https://apps.apple.com/us/app/stop-gambling-bet-free/id6757510666?uo=4,2026-01-30,2026-04-17,1.22,5.1,Y,N,8,8,4.5,Health & Fitness,Health & Fitness; Finance,harm-reduction,4+,16.6,Y,gambling blocker; gambling addiction recovery
6751742713,BetFree - Gambling Recovery,Pena Digital LLC,com.app.betfree,https://apps.apple.com/us/app/betfree-gambling-recovery/id6751742713?uo=4,2025-09-21,2026-03-10,1.0.3,6.4,Y,Y,1,1,5,Health & Fitness,Health & Fitness; Productivity,harm-reduction,4+,14.0,Y,gambling blocker; gambling addiction recovery
6775549637,GamblePause,GAMBLEPAUSE INITIATIVE FOR ADDICTS AWARENESS,com.gamblepause.gamblepauseblocker,https://apps.apple.com/us/app/gamblepause/id6775549637?uo=4,2026-07-27,2026-09-05,2.1.0,0.5,Y,N,1,1,5,Utilities,Utilities; Productivity,harm-reduction,4+,15.1,Y,gambling blocker
1506229470,FanDuel Casino - Real Money,FanDuel Limited,com.fanduel.casino,https://apps.apple.com/us/app/fanduel-casino-real-money/id1506229470?uo=4,2020-06-23,2026-09-16,2.132,0.1,N,N,199047,199047,4.77264,Games,Games; Casino; Entertainment; Casual,gambling-product,17+,15.1,N,gambling blocker; gambling addiction recovery
1040172229,myKONAMI® Slots,"Playstudios, Inc.",com.playstudios.mykonami,https://apps.apple.com/us/app/mykonami-slots/id1040172229?uo=4,2015-12-23,2026-08-20,1.139.0,1.0,N,N,273159,273159,4.64018,Games,Games; Card; Casino; Entertainment,gambling-product,17+,12.0,N,gambling blocker
6761081644,NoBet - Stop Gambling Today,Adam Butterworth,com.nobet.No-Bet,https://apps.apple.com/us/app/nobet-stop-gambling-today/id6761081644?uo=4,2026-04-14,2026-04-15,1.0,5.2,Y,N,13,13,4.69231,Lifestyle,Lifestyle; Health & Fitness,harm-reduction,12+,26.2,Y,gambling blocker
1114665424,Casino Deluxe - Vegas Slots,GAMES HUB HONG KONG LIMITED,com.igg.ios.casinodeluxebyigg,https://apps.apple.com/us/app/casino-deluxe-vegas-slots/id1114665424?uo=4,2017-11-27,2026-08-19,1.11.12,1.1,N,N,947,947,4.31257,Games,Games; Casino,gambling-product,17+,12,N,gambling blocker
1247764998,BetMGM Poker - New Jersey,"ROAR Digital, LLC",com.playmgmpoker.nj,https://apps.apple.com/us/app/betmgm-poker-new-jersey/id1247764998?uo=4,2017-07-28,2026-05-28,8.7.3,3.8,N,N,1760,1760,4.20397,Games,Games; Entertainment; Casino; Card,gambling-product,17+,14.0,N,gambling blocker
6758920349,Safezino - Gambling Blocker,DILIEN LABS,com.safezino.app,https://apps.apple.com/us/app/safezino-gambling-blocker/id6758920349?uo=4,2026-06-09,2026-09-08,1.4,0.4,Y,N,0,0,0,Utilities,Utilities,harm-reduction,17+,15.1,Y,gambling blocker
6470975876,Spin Master- Casino Slots Game,25 HK Technology Limited,com.tofun.spin.master.slots.ios,https://apps.apple.com/us/app/spin-master-casino-slots-game/id6470975876?uo=4,2024-04-13,2025-09-22,1.00.33,11.9,N,Y,2277,2277,4.77383,Games,Games; Casino; Card,gambling-product,17+,12.0,N,gambling blocker
691121579,AdBlock,AdBlock Labs Sp. z o. o.,com.futuremind.adblock,https://apps.apple.com/us/app/adblock/id691121579?uo=4,2014-03-16,2021-07-27,4.7.3,61.8,N,Y,34055,34055,4.29558,Utilities,Utilities; Productivity,not-gambling,4+,12.0,N,gambling blocker
481150251,Casino Master - Slots Poker,Casino Game Limited,com.secondgamestudio.casinomaster,https://apps.apple.com/us/app/casino-master-slots-poker/id481150251?uo=4,2011-11-23,2018-08-18,1.13,97.1,N,Y,40,40,3.475,Games,Games; Casino; Entertainment; Card,gambling-product,17+,8.0,N,gambling blocker
1590852096,Bally Bet Sportsbook & Casino,Ballys Interactive LLC,com.gamesys.ballycasino,https://apps.apple.com/us/app/bally-bet-sportsbook-casino/id1590852096?uo=4,2021-12-29,2026-09-15,26.18.0,0.2,N,N,49721,49721,4.56257,Games,Games; Casino; Sports; Entertainment,gambling-product,17+,17.0,N,gambling blocker
6475694708,Yume - Beat Gambling Addiction,LaunchX LLC,com.launchx.yume,https://apps.apple.com/us/app/yume-beat-gambling-addiction/id6475694708?uo=4,2024-01-24,2025-12-02,1.3.0,9.6,N,Y,37,37,3.48649,Health & Fitness,Health & Fitness; Lifestyle,harm-reduction,17+,13.0,Y,gambling blocker; gambling addiction recovery
739699649,Slotpark Casino Slots Online,Funstage GmbH,com.platogo.pmp,https://apps.apple.com/us/app/slotpark-casino-slots-online/id739699649?uo=4,2016-01-25,2026-09-17,4.25.1,0.1,N,N,1380,1380,4.63985,Games,Games; Casino; Card; Entertainment,gambling-product,17+,15.0,N,gambling blocker
1017064541,Viva Slots Vegas Slot Machines,"Viva Slots Free Classic Slot Machine Games, LLC",com.RocketGames.ClassicSlots,https://apps.apple.com/us/app/viva-slots-vegas-slot-machines/id1017064541?uo=4,2015-08-22,2026-08-31,4.4.50,0.7,N,N,45949,45949,4.78587,Games,Games; Casino; Entertainment; Card,gambling-product,17+,15.0,N,gambling blocker
575980917,Jackpot Party - Casino Slots,"Phantom EFX, Inc.",com.williamsinteractive.jackpotparty,https://apps.apple.com/us/app/jackpot-party-casino-slots/id575980917?uo=4,2012-12-12,2026-09-08,5072.00,0.4,N,N,270287,270287,4.56107,Games,Games; Card; Casino; Social Networking,gambling-product,17+,12.0,N,gambling blocker
523002940,Galaxy Casino - Slots game,nurigames Inc.,nuri.dpdpdp.casinoland,https://apps.apple.com/us/app/galaxy-casino-slots-game/id523002940?uo=4,2012-11-30,2026-06-11,46.41,3.3,N,N,6817,6817,4.50389,Games,Games; Entertainment; Casino; Card,gambling-product,17+,13.0,N,gambling blocker
913490211,Full House Casino: 777 Slots,Memoriki Ltd,com.memoriki.fullhousecasino,https://apps.apple.com/us/app/full-house-casino-777-slots/id913490211?uo=4,2014-09-23,2026-09-14,2.2.96,0.2,N,N,873,873,4.55326,Games,Games; Casino; Card; Entertainment,gambling-product,17+,15.0,N,gambling blocker
1122387239,Take5 Casino - Slot Machines,"DoubleUGames Co., Ltd.",com.doubleugames.take5,https://apps.apple.com/us/app/take5-casino-slot-machines/id1122387239?uo=4,2016-12-06,2022-12-01,2.120.1,45.6,N,Y,5675,5675,4.39172,Games,Games; Casino,gambling-product,17+,12.0,N,gambling blocker
6771357335,Foldd: Quit Gambling Blocker,Alessio Giacobbe,com.foldd.app,https://apps.apple.com/us/app/foldd-quit-gambling-blocker/id6771357335?uo=4,2026-06-14,2026-09-18,1.5.0,0.1,Y,N,0,0,0,Health & Fitness,Health & Fitness; Lifestyle,harm-reduction,4+,17.0,Y,gambling blocker
582050335,Gamble Diary,Donald Marcum,com.marcumsoftwaredevelopment.GamblingDiary1,https://apps.apple.com/us/app/gamble-diary/id582050335?uo=4,2012-12-08,2024-08-03,2.11.001,25.6,N,Y,18,18,4.94444,Lifestyle,Lifestyle; Finance,other,4+,9.0,N,gambling blocker
1661609258,Royal Jackpot Casino Machines,Zadok Limited,free.slots.royal.jackpot,https://apps.apple.com/us/app/royal-jackpot-casino-machines/id1661609258?uo=4,2023-01-04,2026-09-03,1.01.58,0.6,N,N,20708,20708,4.72914,Games,Games,gambling-product,17+,14.0,N,gambling blocker
1121630940,PlayJack Slots,JACK ENTERTAINMENT LLC,com.gameaccount.jackEntertainment.slots,https://apps.apple.com/us/app/playjack-slots/id1121630940?uo=4,2017-08-22,2026-04-15,5.0.0,5.2,N,N,2603,2603,4.27315,Games,Games; Entertainment; Simulation; Casino,gambling-product,17+,15.0,N,gambling blocker
6752622669,Gambulance: Addiction Tools,Elm Tree Software Co LLC,com.elmsoftwareco.Gambulance,https://apps.apple.com/us/app/gambulance-addiction-tools/id6752622669?uo=4,2025-10-23,2026-03-18,1.3.0,6.1,Y,Y,2,2,5,Health & Fitness,Health & Fitness; Lifestyle,harm-reduction,17+,18.5,N,gambling addiction recovery
1523646875,Gambless: Addiction Recovery,MIND SOLUTIONS EOOD,org.gambless.app,https://apps.apple.com/us/app/gambless-addiction-recovery/id1523646875?uo=4,2020-08-29,2020-11-05,1.0.53,70.5,N,Y,0,0,0,Health & Fitness,Health & Fitness; Education,harm-reduction,17+,10.3,N,gambling addiction recovery
1606416910,SMART Recovery,"SMART Recovery USA, Inc.",org.smartrecovery.mobile,https://apps.apple.com/us/app/smart-recovery/id1606416910?uo=4,2022-02-14,2026-07-23,1.0.115,1.9,N,N,27,27,4.11111,Health & Fitness,Health & Fitness; Lifestyle,harm-reduction,12+,13.0,N,gambling addiction recovery
1582444280,Affect: Addiction Recovery,"Affect Therapeutics, Inc.",com.affecttherapeutics.app,https://apps.apple.com/us/app/affect-addiction-recovery/id1582444280?uo=4,2021-10-13,2026-09-15,5.11.0,0.2,N,N,488,488,4.6127,Medical,Medical; Health & Fitness,not-gambling,17+,16.4,N,gambling addiction recovery
1383957273,Workit Health,"WORKIT HEALTH, INC",com.workithealth.workitapp,https://apps.apple.com/us/app/workit-health/id1383957273?uo=4,2018-08-08,2026-07-29,4.7.2,1.7,N,N,950,950,4.68105,Medical,Medical,not-gambling,17+,15.1,N,gambling addiction recovery
6738905436,Lavish Luck Casino,PRUDENT OWL LIMITED,com.prudentowl.ios.lavishluck,https://apps.apple.com/us/app/lavish-luck-casino/id6738905436?uo=4,2024-12-16,2026-08-17,2.6,1.1,N,N,97568,97568,4.76931,Games,Games,gambling-product,17+,15.0,N,gambling addiction recovery
1569873335,Relay: Quit Lust & Addiction,Relay Health Inc,app.jointribe,https://apps.apple.com/us/app/relay-quit-lust-addiction/id1569873335?uo=4,2021-08-23,2026-09-17,1.1671.1,0.1,N,N,3078,3078,4.87263,Health & Fitness,Health & Fitness; Lifestyle,not-gambling,12+,15.0,N,gambling addiction recovery
6760960653,Gambling Recovery Guide,Sihui Han,com.anonymous.gambling-recovery-assistant,https://apps.apple.com/us/app/gambling-recovery-guide/id6760960653?uo=4,2026-03-24,2026-03-24,1.0,5.9,Y,N,0,0,0,Health & Fitness,Health & Fitness; Lifestyle,harm-reduction,4+,15.1,Y,gambling addiction recovery
1658588991,Quit Bad Habits & Addiction,"SHPAVDA, TOO",com.shpavda.bad-habit-break,https://apps.apple.com/us/app/quit-bad-habits-addiction/id1658588991?uo=4,2023-01-17,2026-07-30,1.2.2,1.7,N,N,1083,1083,4.89658,Lifestyle,Lifestyle; Health & Fitness,harm-reduction,4+,13.0,N,gambling addiction recovery
1513232300,NewForm: Recovery & Wellbeing,"Phoenix Multisport, Inc.",com.q95ac3b5572c.www,https://apps.apple.com/us/app/newform-recovery-wellbeing/id1513232300?uo=4,2020-05-21,2026-09-14,11.8.0,0.2,N,N,10824,10824,4.8871,Lifestyle,Lifestyle,not-gambling,17+,17.0,N,gambling addiction recovery
1239464706,Sober Today - Day Counter,Tushar Bhagat,com.ibyteapps.sobertoday,https://apps.apple.com/us/app/sober-today-day-counter/id1239464706?uo=4,2017-05-27,2026-08-11,3.0.5,1.3,N,N,867,867,4.391,Lifestyle,Lifestyle,harm-reduction,12+,15.0,N,gambling addiction recovery
638867877,Inspirations from Hazelden,Stanton Publication Services Inc,com.bookmobile.iphone.inspirations,https://apps.apple.com/us/app/inspirations-from-hazelden/id638867877?uo=4,2013-04-26,2026-02-18,2.2.1,7.0,N,Y,2790,2790,4.88889,Health & Fitness,Health & Fitness; Books,not-gambling,17+,11.0,N,gambling addiction recovery
6761416523,ResetBet — Quit Gambling,Zintex OU,iGrow.QuitGambling,https://apps.apple.com/us/app/resetbet-quit-gambling/id6761416523?uo=4,2026-03-31,2026-09-11,1.3,0.3,Y,N,0,0,0,Health & Fitness,Health & Fitness; Lifestyle,harm-reduction,4+,15.1,Y,gambling addiction recovery
6774234773,Still: Gambling Recovery,Ayman Tajjiui,com.devstudio.still,https://apps.apple.com/us/app/still-gambling-recovery/id6774234773?uo=4,2026-07-01,2026-08-17,1.3,1.1,Y,N,0,0,0,Health & Fitness,Health & Fitness; Lifestyle,harm-reduction,17+,16.0,Y,gambling addiction recovery
6756549862,BETTR OFF: Beat Gambling,Philipp Langle,com.philipplangle.betblock,https://apps.apple.com/us/app/bettr-off-beat-gambling/id6756549862?uo=4,2026-07-08,2026-09-08,1.0.6,0.4,Y,N,5,5,4.4,Health & Fitness,Health & Fitness; Utilities,harm-reduction,17+,17.0,Y,gambling addiction recovery
1448251580,Sober SideKick: Quit Addiction,Sidekick Mobile Technologies Inc.,com.HI-Assistant.SideKick2,https://apps.apple.com/us/app/sober-sidekick-quit-addiction/id1448251580?uo=4,2019-01-27,2026-09-01,5.9.3.1,0.6,N,N,8002,8002,4.82566,Health & Fitness,Health & Fitness,not-gambling,17+,17.0,N,gambling addiction recovery
1450908550,Recovery Path for Addiction,"Recovery Record, Inc",com.recoverypath.patient,https://apps.apple.com/us/app/recovery-path-for-addiction/id1450908550?uo=4,2019-10-15,2026-08-25,1.8.1,0.9,N,N,924,924,4.89719,Medical,Medical; Health & Fitness,not-gambling,12+,15.1,N,gambling addiction recovery
332357360,Drug Addiction: Alcoholics & Narcotics Companion,Michael Quach,com.mqdp.location.drugabuse,https://apps.apple.com/us/app/drug-addiction-alcoholics-narcotics-companion/id332357360?uo=4,2009-09-30,2017-07-19,2.4.0,110.1,N,Y,17,17,3.94118,Medical,Medical; Health & Fitness,not-gambling,17+,8.0,N,gambling addiction recovery
6789215282,Outs: Quit Gambling Addiction,SETH MITCHELL CROWLEY,com.sethcrowley.outs,https://apps.apple.com/us/app/outs-quit-gambling-addiction/id6789215282?uo=4,2026-07-31,2026-08-06,1.0.1,1.5,Y,N,3,3,5,Health & Fitness,Health & Fitness; Lifestyle,harm-reduction,17+,16.0,Y,gambling addiction recovery
6787402406,Sanad - Recovery Companion,Rakeeza Electronic Marketing Company,ly.com.sanad,https://apps.apple.com/us/app/sanad-recovery-companion/id6787402406?uo=4,2026-07-20,2026-09-11,1.0.3,0.3,Y,N,0,0,0,Health & Fitness,Health & Fitness; Lifestyle,harm-reduction,12+,15.0,N,gambling addiction recovery
