jurisdiction,jurisdiction_code,jurisdiction_type,administering_agency,enrollment_method,program_url,notes,participating_states
Arizona,AZ,state,"Arizona Department of Gaming, Division of Problem Gambling",Notarized form by mail (in person by appointment; remote online notary accepted),https://problemgambling.az.gov/self-exclusion,"Two separate lists, two forms: (1) all Class III tribal casinos statewide incl. casino hotels/restaurants/venues; (2) event wagering (retail + mobile sportsbooks) and fantasy contests. Lottery not covered. Terms 1, 5 or 10 years; irrevocable, no removal process, name drops off when the term ends. Current photo required. selfexclusion@azgaming.gov, 602-771-4263.",
California,CA,state,"California Department of Justice, Bureau of Gambling Control",Online (ems.doj.ca.gov) or paper form notarized or witnessed by a licensed cardroom key employee,https://oag.ca.gov/gambling/exclusion_self,"Licensed card rooms statewide only — explicitly not tribal casinos, horse racing or lottery (tribal casinos are reached through NVSEP). Terms 1 year or lifetime; irrevocable for the term. Jackpots won while excluded are confiscated to the Office of Problem Gambling. A separate cardroom-level self-restriction (30 days to lifetime) also exists. BGCEMS@doj.ca.gov, 916-830-1700.",
Colorado,CO,state,Division of Gaming,Online,https://betsmart.colorado.gov/self-exclusion,Enroll through the Division of Gaming's program at betsmart.colorado.gov.,
Connecticut,CT,state,Department of Consumer Protection,Online,https://portal.ct.gov/gaming/self-exclusion,Enroll online. Covers online platforms and retail sports wagering statewide.,
Delaware,DE,state,Delaware Lottery,"In person only (Dover office, by appointment 302-744-1669); mail not accepted",https://www.delottery.com/More/Table-Games/Self-Exclusion-Program,"Covers all three racinos (slots, tables and their iGaming sites) plus the Lottery's iGaming and sports app. Retail lottery not covered. Terms 1 year, 5 years or lifetime; lifetime irrevocable; 1- and 5-year terms must be served in full, then the person must appear in person to request reinstatement (not automatic). Class A misdemeanor if caught; winnings forfeited.",
District of Columbia,DC,state,Office of Lottery and Gaming,Online or in person (online form at forms.dc.gov; in person at OLG by appointment or at any licensed sportsbook facility),https://dclottery.com/player-resources/play-responsibly/self-exclusion-program,"One list covering all OLG-regulated gambling: sports wagering (retail + mobile), DC Lottery retail tickets, iLottery and prize claims; cannot be limited to one type. Terms 18 months, 3 years, 5 years or lifetime; irrevocable for the term; NOT removed automatically at expiry — a removal request must be filed. Government photo ID and SSN required. 202-788-2102.",
Georgia,GA,state,Georgia Lottery Corporation,By phone (1-800-GA-LUCKY) or from the iHOPE account profile,https://www.galottery.com/en-us/about-us/play-responsibly.html,"Online/mobile lottery (draw games, Diggi, second-chance) and Players Club only; retail tickets not covered; no casinos or sports betting in Georgia. Irrevocable for the term; not reinstated automatically at expiry — the person must call. Term menu differs between the web page (3 months to 10 years) and the program terms PDF (3 to 12 months) — official sources conflict (UNVERIFIED).",
Illinois,IL,state,Illinois Gaming Board,In person only,,Enroll at an Illinois Gaming Board office or any Illinois casino. Covers all casinos and sports wagering.,
Indiana,IN,state,Indiana Gaming Commission,"Online, at any Indiana casino, or at the IGC office",,Voluntary Exclusion Program.,
Iowa,IA,state,Iowa Racing and Gaming Commission,"Notarized form by mail, or in person (IRGC Des Moines, any Iowa Gambling Treatment Program agency, or any licensed casino/racetrack); no web form",https://irgc.iowa.gov/self-exclusion-program,"One statewide list for all IRGC licensees: casinos, racetrack casinos, sports wagering (retail + online), fantasy sports and advance-deposit wagering. Lottery not covered. Terms 5 years or lifetime, both final and irrevocable (revocation only for pre-July-2017 enrollees). Notarized mail-in needs a photo and copy of government ID. Up to two weeks for licensees to enforce; winnings forfeited.",
Kansas,KS,state,Kansas Racing and Gaming Commission,In person at any of the four state-owned casinos or the Topeka office (casino VEP); online by secure document upload (sports wagering),https://krgc.kansas.gov/problem-gambling/voluntary-exclusion-program/,"Two separate programs: (1) Voluntary Exclusion Program for the four state-owned casinos (Boot Hill, Kansas Star, Hollywood at Kansas Speedway, Kansas Crossing) — terms 2 years or lifetime; after 2 years removal requires a problem-gambling assessment and course series, then Commission approval; (2) Sports Wagering Exclusion Program, statewide retail + mobile, enrolled by email request and secure upload (https://krgc.kansas.gov/problem-gambling/sports-wagering-exclusion-program/); term lengths set on the form (UNVERIFIED); no early removal. Tribal casinos and lottery not covered.",
Kentucky,KY,state,Kentucky Horse Racing and Gaming Corporation (compiles a statewide list; enrollment is through operators),Operator-level only: enroll at any licensed sportsbook or racetrack; operators forward weekly and the Corporation redistributes monthly,,"No central enrollment page, form or phone line is published — the statewide list exists in regulation (809 KAR 10:007; 810 KAR 2:100) and is populated by operators. Covers sports wagering (retail + mobile) and pari-mutuel racetracks once compiled. Terms set by operators ('temporarily or permanently' per rule); removal procedure UNVERIFIED.",
Louisiana,LA,state,"Louisiana Gaming Control Board, via State Police Gaming Enforcement Division","In person only (LSP Gaming field offices: Baton Rouge, Breaux Bridge, Lake Charles, New Orleans, Bossier City)",https://lgcb.dps.louisiana.gov/voluntary-exclusions/,"Covers riverboat casinos, the land-based casino, racetrack slot facilities and all sports wagering (retail + mobile). Video poker and lottery not covered. Minimum 5 years, indefinite until removed; removal is not automatic — after 5 years, a written request, a mental-health professional's recommendation and a closed hearing. Winnings forfeited; arrest possible. 225-925-1900.",
Maine,ME,state,Maine Gambling Control Unit (Dept. of Public Safety); virtual enrollment via AdCare Maine,"Online (virtual session via AdCare Maine) or in person (Gambling Control Unit, Hollywood Casino Bangor, Oxford Casino, AdCare offices); or request through an online wagering operator",https://www.maine.gov/dps/sites/maine.gov.dps/files/inline-files/0%20-%20MGCB%20-%20Self-Exclusion%20Program%20%26%20Instructions.pdf,"One universal list; applicant chooses which activities to exclude from: casinos/slot facilities, sports wagering, fantasy contests, advance-deposit wagering. Lottery not covered. Terms 1, 3, 5 years or lifetime; fixed terms end automatically at month-end of the enrollment anniversary, no early removal; lifetime may be petitioned after 5 years with a reinstatement session from an approved problem-gambling agency. Governed by Chapter 13 (adopted Oct 2025). AdCare virtual enrollment: 207-626-3615 x20.",
Maryland,MD,state,Maryland Lottery and Gaming Control Agency,In person,,Enroll in person at a casino or at the Lottery and Gaming Control Agency.,
Massachusetts,MA,state,Massachusetts Gaming Commission (GameSense),In-person appointment,,Enroll through GameSense: an appointment at a casino GameSense center or with the Gaming Commission.,
Michigan,MI,state,Michigan Gaming Control Board,Online (internet gaming) / in person (casinos),https://www.michigan.gov/mgcb/responsible-gaming,Disassociated Persons List covers casinos; a separate internet-gaming self-exclusion can be done online.,
Mississippi,MS,state,Mississippi Gaming Commission,"Online (selfexclusionforms.msgamingcommission.com, email one-time code; devices available at Commission offices)",https://www.msgamingcommission.com/links/problemgaming/problem_gaming,"Covers all state-regulated casinos (whole property) including casino sportsbooks. Lottery and bingo not covered; no mobile sports betting in MS. Term 3 to 10 years, selectable; lifetime available only after completing a prior term of at least 3 years. No early removal; expires automatically (casinos have up to 10 days to update); extend by logging back in. Selfie and ID upload. 228-297-8174.",
Missouri,MO,state,Missouri Gaming Commission,Online (MGC portal with ID and photo upload) or in person (any casino's MGC office or Jefferson City),http://mgc.dps.mo.gov/DAP/dap_onList.html,"Two independent lists: (1) List of Disassociated Persons covers all 13 licensed casinos; lifetime, with a one-time petition for removal after 5 years (re-enrolling after removal is permanent); (2) Self-Excluded Persons list for sports wagering (retail + mobile), 5-year term, removed automatically at expiry and extendable in the final 3 months (https://mgc.dps.mo.gov/DAP/dap_about.html). File both to cover both. Applicant must be unimpaired when applying; violation is misdemeanor trespass with forfeiture.",
Montana,MT,state,Montana Lottery (Sports Bet Montana) — sports wagering only,"Per rule ARM 2.63.1304, by the procedure published at montanalottery.com (reported in-app); no public enrollment page could be confirmed (UNVERIFIED)",,"Lottery-run sports wagering only. Video gambling machines, card rooms (Department of Justice) and tribal casinos have no statewide program; draw and scratch lottery not covered. The rule allows removal by the published procedure, so the exclusion is not irrevocable. Enrollment URL unpublished.",
Nebraska,NE,state,"Nebraska Racing and Gaming Commission, via the National Voluntary Self-Exclusion Program",Online (nvsep.org),https://nrgc.nebraska.gov/responsible-gaming,Nebraska routes state self-exclusion through NVSEP: covers the racetrack casinos and retail sports betting at them (no online sports betting in NE). Term menu and early-removal rules not stated on the official page (UNVERIFIED).,
New Hampshire,NH,state,New Hampshire Lottery Commission (iLottery; sports wagering via its agent DraftKings),Online (iLottery account self-exclusion); operator-level in the DraftKings app for sports wagering,https://faq.nhlottery.com/support/solutions/articles/156000153083-how-do-i-set-up-self-exclusion-,"Lottery self-exclusion covers NH iLottery and My603Rewards only, 1, 3 or 6 months, cannot be undone early. Sports wagering exclusion is enrolled through DraftKings (the Commission keeps a central database under Lot 3003.05); charitable casinos not covered. A statewide database for all NH gaming was authorized in 2025 and is not yet live (UNVERIFIED; re-check).",
New Jersey,NJ,state,Division of Gaming Enforcement,Online,https://www.njportal.com/dge/selfexclusion,Enroll online. Covers online gaming statewide; choose online-only or all gambling.,
New Mexico,NM,state,New Mexico Gaming Control Board,"In person only (Albuquerque office by appointment, 505-841-9700, or approved locations); mail not accepted",https://www.gcb.nm.gov/new-mexico-gaming-control-board-compulsive-problem-gambling/,"Statewide option covers racetrack casinos and participating tribal casinos; single-property exclusion also available through that casino. Gaming floor only; lottery not covered; no mobile sports betting in NM. Terms 1 year, 5 years or lifetime. Removal possible by written petition after at least 1 year, decided by the Board within 90 days. Government photo ID required; photographed on site; winnings forfeited to the Compulsive Gambling Treatment Fund.",
New York,NY,state,New York State Gaming Commission,Notarized form by mail or in person,,"Download the Voluntary Self-Exclusion form, have it notarized, and submit it by mail or in person.",
North Carolina,NC,state,"North Carolina State Lottery Commission, Regulated Gaming Division",Online (DocuSign web form) or in person at an NC Education Lottery claims center,https://ncgaming.gov/responsible-gaming-2/,"Covers sports wagering (online + retail) and pari-mutuel/advance-deposit horse wagering. Lottery and tribal casinos not covered. Terms 1, 3, 5 years or lifetime; removed automatically at term end; early removal only by petition for mistaken identity or fraud. Account funds refunded; winnings during exclusion forfeited; takes effect in about 3–4 business days. (morethanagame.nc.gov is NCDHHS's help site, not an enrollment path.)",
Ohio,OH,state,Ohio Casino Control Commission (Time Out Ohio),Online,https://timeout.ohio.gov,"Enroll online in Time Out Ohio, the state's voluntary exclusion program.",
Oklahoma,OK,state,Oklahoma Association on Problem Gambling and Gaming (nonprofit administering the statewide tribal-casino list under compact requirements) — casinos; Oklahoma Lottery Commission — lottery,"Notarized form by mail (casino list: OAPGG, Norman; lottery: Lottery HQ, Oklahoma City)",https://www.oapgg.org/self-exclusion,"Not a state-agency program: the statewide casino list is run by a nonprofit and covers participating tribal casinos only (17 tribal gaming commissions plus Remington Park on the form; not every tribe participates). Terms 1, 3, 5 or 10 years; irrevocable for the term; at expiry removal is per-casino and the person must contact each facility. Driver's license copy plus a recent photo required. Separate lifetime-only Lottery self-exclusion (prizes over $600, Players Club, marketing) at https://oklottery.com/play-responsibly/self-exclusion. No commercial sportsbooks in OK. help@oapgg.org, 405-801-3329.",
Pennsylvania,PA,state,Pennsylvania Gaming Control Board,Online,https://gamingcontrolboard.pa.gov/self-exclusion,"Four separate tracks: casinos, online gambling, video gaming terminals, and fantasy. Enroll in each you need.",
Rhode Island,RI,state,Rhode Island Lottery (iLottery); Bally's casinos (casino and sportsbook) under Lottery oversight,"Online or by phone (iLottery, 1-800-288-2485); in person only at Bally's Lincoln security for the casinos and sportsbook",https://www.rilot.com/en-us/responsible-gambling/self-exclusion-and-timeout.html,"Two tracks with different owners: (1) Lottery self-exclusion covers the iLottery account only, 1 or 5 years, auto-restored at term end; (2) casino and sportsbook exclusion (Bally's Lincoln and Tiverton; Bally Bet online coverage UNVERIFIED) is operator-run, in person, 1 year, 5 years or permanent, early termination only with Bally's and Lottery approval (https://casinos.ballys.com/lincoln/responsible-gaming.htm). No standalone state enrollment page for the casinos.",
South Dakota,SD,state,South Dakota Commission on Gaming (Department of Revenue),"Online (state e-form 4014 with ID and photo upload) or through any licensee, forwarded within 24 hours",https://dor.sd.gov/individuals/gaming/,"Covers Deadwood licensed casinos (slots, tables, Deadwood retail sports wagering). Tribal casinos and Lottery video lottery not covered. The Commission took over the registry from individual casinos effective June 15, 2026. Term options and reversal policy not legible on the official form (UNVERIFIED). 605-578-3074.",
Tennessee,TN,state,Tennessee Sports Wagering Council,"Online (web form), by phone (615-253-7922), or by mailed/emailed PDF; any licensed sportsbook can forward a statewide request",https://www.tn.gov/swac/forms/self-exclusion.html,"Online sports wagering only (Tennessee has no casinos). Fantasy sports not covered — per-operator only. Terms 1, 3 or 5 years. Blocks logins, deposits and wagers at all licensees and stops marketing. Early removal procedure not published (UNVERIFIED).",
Vermont,VT,state,Vermont Department of Liquor and Lottery,"Online (state form with selfie, ID and one-time code)",https://liquorandlottery.vermont.gov/exclusion-list,"Mobile sports wagering only (all Vermont licensees). Fantasy sports per-operator; lottery not covered. Terms 1, 3, 5 years or lifetime; fixed terms end automatically (re-enroll to stay excluded); lifetime cannot be removed; enrollee agrees not to petition during the term. DLL.PlayerExclusion@vermont.gov.",
Virginia,VA,state,Virginia Lottery — Voluntary Exclusion Program,"Online (DocuSign, for 2- and 5-year terms) or in person (Lottery HQ or a casino, by appointment; lifetime must be in person)",https://www.valottery.com/playingmatters/voluntaryexclusionprogram,"One list covering casinos, online sports betting, account-based (online) lottery, charitable gaming, and all horse wagering under the Racing Commission (live, OTB, historical horse racing, ADW). Retail lottery tickets not covered. Terms 2 years, 5 years or lifetime; cannot be removed until the term ends; removed automatically at expiry (contact the Lottery before expiry to extend). Distributed to all operators within 7 days; winnings forfeited to the Problem Gambling Treatment Fund. 804-692-7185.",
Washington,WA,state,Washington State Gambling Commission (card rooms); Washington's Lottery (lottery),"In person at any house-banked card room or at the Commission (Lacey) by appointment, or notarized form by mail (or signed by a certified gambling counselor); no online option",https://wsgc.wa.gov/responsible-gaming-self-exclusion/self-exclusion-voluntarily-exclude-yourself-gambling-activities,"Commission program covers all privately owned house-banked card rooms statewide (since May 2022); tribal casinos run their own per-casino programs and do not participate. Terms 1, 3, 5 or 10 years; no early removal; NOT removed automatically at expiry — notice sent 45 days before, and a notarized removal form or in-person appointment is required to exit. Passport-style photo and ID copy by mail; forms in 11 languages. Separate Lottery Voluntary Self-Exclusion (prizes over $600, second-chance prizes, My Lottery 360; 1, 3 or 5 years) at https://www.walottery.com/responsibility/SelfExclusion.aspx. 360-486-3445.",
West Virginia,WV,state,West Virginia Lottery (Security),"Notarized form by mail, or in person before Lottery security (no notary needed in person)",https://assets.ctfassets.net/nm98451qj5dg/4ZaFP8TTBs95DaUWfnvLWq/e72d5355c20178afc51dcaaa4934e252/CAS-F001_SELF-EXCLUSION-REQUEST-FORM_10-22-2024.pdf,"Covers the four racetrack casinos and The Greenbrier plus all WV iGaming and mobile sports betting; iLottery is a separate in-app exclusion. Indefinite until removed; removal considered on written request after at least 1 year, Commission decides. The WV exclusion list is a public record (stated on the form). Photo ID copy required. The Lottery's web pages are script-rendered; the official form PDF is the stable URL.",
Wyoming,WY,state,"Wyoming Gaming Commission, via the National Voluntary Self-Exclusion Program",Online (nvsep.org),https://gaming.wyo.gov/resources/responsible-gaming/self-exclusion,"Wyoming routes state self-exclusion through NVSEP: covers online sports wagering, pari-mutuel/historical horse racing and Commission-regulated skill games. Tribal casino coverage UNVERIFIED. Term menu and reinstatement rules not legible on the official pages (UNVERIFIED; secondary sources say 1, 3, 5 years or lifetime).",
National Voluntary Self-Exclusion Program (NVSEP),US,multi-state,idPair (operator),One enrollment and one remote notary appointment; every participating state closes at once. Operated by idPair.,https://www.nvsep.org,,CA; WY; CO; NE; IA; WI; MI; LA; PR
